yumeng@gmail.com,Yumeng,Ren,Data200,90,A
student1@university.edu,Isabella,Ward,CS100,A,95.1
student2@university.edu,Savannah,Chapman,CS100,C,75.2
student3@university.edu,Mila,Mitchell,CS100,D,68.4
student4@university.edu,Claire,Bell,CS100,A,94.2
student5@university.edu,Nathan,Peterson,CS100,C,81.2
student6@university.edu,Alexa,Gray,CS100,D,71.4
student7@university.edu,Victoria,Wright,CS100,C,78.7
student8@university.edu,Eli,Sanchez,CS100,D,62.9
student9@university.edu,Ava,Howard,CS100,F,58.2
student10@university.edu,Stella,Morris,CS100,D,74.2
student11@university.edu,Thomas,Reynolds,CS100,D,73.2
student12@university.edu,Audrey,Mitchell,CS100,F,56.3
student13@university.edu,Liam,Turner,CS100,D,65.3
student14@university.edu,Savannah,Allen,CS100,B,87.0
student15@university.edu,Julian,Clark,CS100,F,59.0
student16@university.edu,Zoey,Robinson,CS100,D,67.3
student17@university.edu,Charles,Robinson,CS100,D,74.4
student18@university.edu,Riley,Howard,CS100,C,76.0
student19@university.edu,Paisley,Taylor,CS100,D,61.1
student20@university.edu,Hannah,White,CS100,B,92.0
student21@university.edu,Skylar,Brown,CS101,B,91.3
student22@university.edu,Ellie,Price,CS101,D,74.3
student23@university.edu,Samantha,Lewis,CS101,C,81.7
student24@university.edu,Lucas,James,CS101,B,91.8
student25@university.edu,Elijah,Collins,CS101,B,87.9
student26@university.edu,Gabriel,Foster,CS101,B,88.9
student27@university.edu,Layla,Hill,CS101,D,71.5
student28@university.edu,Ryan,Turner,CS101,F,58.7
student29@university.edu,Nathan,Thompson,CS101,D,73.4
student30@university.edu,Samuel,Smith,CS101,C,77.3
student31@university.edu,Amelia,Coleman,CS101,F,57.7
student32@university.edu,Jonathan,Russell,CS101,B,87.4
student33@university.edu,Elijah,Peterson,CS101,C,82.7
student34@university.edu,Asher,Nelson,CS101,F,56.2
student35@university.edu,Aria,Dixon,CS101,F,58.8
student36@university.edu,Luke,Sanchez,CS101,C,80.7
student37@university.edu,Dylan,Shaw,CS101,C,84.0
student38@university.edu,Dylan,Wilson,CS101,C,83.4
student39@university.edu,Sofia,Clark,CS101,F,57.6
student40@university.edu,Henry,Stewart,CS101,A,98.5
student41@university.edu,Charles,Price,CS101,D,64.7
student42@university.edu,Joshua,Garcia,CS102,D,73.2
student43@university.edu,Jacob,Bryant,CS102,C,81.3
student44@university.edu,Landon,Cox,CS102,D,66.9
student45@university.edu,Connor,Ross,CS102,A,93.5
student46@university.edu,Jackson,Thomas,CS102,D,70.3
student47@university.edu,Grace,Martin,CS102,C,79.5
student48@university.edu,Christopher,Evans,CS102,D,61.7
student49@university.edu,Layla,Burns,CS102,C,84.8
student50@university.edu,Nora,Nelson,CS102,A,97.7
student51@university.edu,Mila,Gibson,CS102,F,55.3
student52@university.edu,Josiah,Brown,CS102,F,57.5
student53@university.edu,Sophia,Phillips,CS102,D,70.5
student54@university.edu,Paisley,Ross,CS102,A,94.7
student55@university.edu,Jack,Davis,CS102,C,75.8
student56@university.edu,Ella,Clark,CS102,D,68.2
student57@university.edu,Nora,Russell,CS102,F,56.2
student58@university.edu,Emma,Nelson,CS102,F,56.5
student59@university.edu,Isaac,Turner,CS102,F,56.0
student60@university.edu,Thomas,Scott,CS102,B,86.3
student61@university.edu,Avery,Perry,CS102,D,74.6
student62@university.edu,Alexa,Chapman,CS102,C,81.0
student63@university.edu,Jacob,Hall,CS103,D,62.9
student64@university.edu,Ryan,Cooper,CS103,C,75.8
student65@university.edu,Mia,Baker,CS103,D,71.1
student66@university.edu,Elijah,Carter,CS103,C,83.5
student67@university.edu,David,Garcia,CS103,D,71.0
student68@university.edu,Audrey,Lee,CS103,D,61.6
student69@university.edu,Lily,Price,CS103,C,83.1
student70@university.edu,Charlotte,Hughes,CS103,F,59.0
student71@university.edu,Lincoln,Gonzalez,CS103,A,98.6
student72@university.edu,Samantha,Torres,CS103,B,88.7
student73@university.edu,Addison,Brooks,CS103,F,57.0
student74@university.edu,Sebastian,Graham,CS103,D,72.8
student75@university.edu,Isaac,Anderson,CS103,C,77.8
student76@university.edu,Grace,Fox,CS103,C,76.8
student77@university.edu,Addison,Gray,CS103,D,65.7
student78@university.edu,Julian,Coleman,CS103,C,82.4
student79@university.edu,Emily,Peterson,CS103,C,75.5
student80@university.edu,Julian,Parker,CS103,B,88.4
student81@university.edu,Joshua,Brooks,CS103,F,56.2
student82@university.edu,Addison,Russell,CS103,A,94.9
student83@university.edu,Michael,Clark,CS103,C,82.7
student84@university.edu,Emma,Morgan,CS104,A,96.3
student85@university.edu,Emma,James,CS104,B,88.0
student86@university.edu,Alexa,Young,CS104,D,67.2
student87@university.edu,Christian,Carter,CS104,C,84.4
student88@university.edu,Julian,Scott,CS104,C,82.7
student89@university.edu,Aubrey,Gibson,CS104,B,86.3
student90@university.edu,Zoe,Cole,CS104,C,78.9
student91@university.edu,Avery,Burns,CS104,D,68.5
student92@university.edu,Leo,Collins,CS104,A,97.2
student93@university.edu,Leah,Williams,CS104,A,93.5
student94@university.edu,James,Brooks,CS104,D,70.3
student95@university.edu,Charles,Sullivan,CS104,A,98.6
student96@university.edu,Isaac,Gibson,CS104,D,67.6
student97@university.edu,Audrey,Morris,CS104,F,59.7
student98@university.edu,Eleanor,Thomas,CS104,A,96.7
student99@university.edu,Joshua,Lee,CS104,D,63.5
student100@university.edu,Allison,Scott,CS104,C,80.0
student101@university.edu,Skylar,White,CS104,F,56.1
student102@university.edu,Isaiah,Baker,CS104,C,82.9
student103@university.edu,Charles,Reed,CS104,D,71.1
student104@university.edu,Isaiah,Sanders,CS104,B,86.0
student105@university.edu,Daniel,Bryant,CS104,D,63.3
student106@university.edu,Ella,Morgan,CS105,C,84.7
student107@university.edu,Isaac,Phillips,CS105,A,98.7
student108@university.edu,Jack,Robinson,CS105,B,87.5
student109@university.edu,Julian,Martin,CS105,C,75.3
student110@university.edu,Scarlett,Brown,CS105,D,66.4
student111@university.edu,Natalie,Turner,CS105,D,65.1
student112@university.edu,Emily,Hughes,CS105,F,55.5
student113@university.edu,Paisley,Reed,CS105,C,79.4
student114@university.edu,Claire,Graham,CS105,F,59.2
student115@university.edu,Julian,Rodriguez,CS105,B,86.3
student116@university.edu,Lincoln,Coleman,CS105,A,96.5
student117@university.edu,Ava,Gray,CS105,F,57.9
student118@university.edu,Lincoln,Ross,CS105,C,79.0
student119@university.edu,William,Rodriguez,CS105,D,65.0
student120@university.edu,Ellie,Parker,CS105,C,77.3
student121@university.edu,Stella,Robinson,CS105,D,65.5
student122@university.edu,Addison,Smith,CS105,A,95.6
student123@university.edu,Landon,Scott,CS105,D,60.0
student124@university.edu,Lincoln,White,CS105,D,62.7
student125@university.edu,Chloe,Powell,CS105,B,90.3
student126@university.edu,Luke,Morgan,CS106,B,90.2
student127@university.edu,Jayden,Lewis,CS106,C,80.7
student128@university.edu,Mila,Taylor,CS106,C,79.4
student129@university.edu,Alexa,Thompson,CS106,F,55.7
student130@university.edu,Jackson,Sullivan,CS106,C,84.8
student131@university.edu,Avery,Gibson,CS106,D,73.1
student132@university.edu,Emma,Taylor,CS106,D,63.5
student133@university.edu,Ethan,Freeman,CS106,F,56.8
student134@university.edu,Addison,Gomez,CS106,F,55.0
student135@university.edu,William,Shaw,CS106,D,74.5
student136@university.edu,Zoe,Torres,CS106,F,57.7
student137@university.edu,Zoey,Hill,CS106,A,95.5
student138@university.edu,Evelyn,Coleman,CS106,F,55.7
student139@university.edu,Aiden,Baker,CS106,B,92.8
student140@university.edu,Aubrey,Murphy,CS106,C,76.8
student141@university.edu,Andrew,Clark,CS106,D,65.0
student142@university.edu,Michael,White,CS106,B,90.6
student143@university.edu,Matthew,Bennett,CS106,D,66.1
student144@university.edu,Charles,Green,CS106,B,87.3
student145@university.edu,Gabriel,Howard,CS106,C,76.5
student146@university.edu,Noah,Ford,CS106,F,58.5
student147@university.edu,Asher,Smith,CS107,A,94.6
student148@university.edu,Isaiah,Coleman,CS107,C,84.0
student149@university.edu,David,Baker,CS107,D,67.9
student150@university.edu,Thomas,Allen,CS107,B,92.4
student151@university.edu,Logan,Allen,CS107,D,64.2
student152@university.edu,Sofia,Johnson,CS107,F,59.9
student153@university.edu,Violet,Watson,CS107,C,78.0
student154@university.edu,Leo,Cooper,CS107,B,91.0
student155@university.edu,Elizabeth,Dixon,CS107,C,76.7
student156@university.edu,Olivia,Parker,CS107,A,96.9
student157@university.edu,Lucas,Chapman,CS107,D,68.7
student158@university.edu,James,Carter,CS107,F,58.5
student159@university.edu,Victoria,Coleman,CS107,B,91.1
student160@university.edu,Alexander,Martin,CS107,C,81.7
student161@university.edu,Noah,Foster,CS107,C,80.0
student162@university.edu,David,Campbell,CS107,D,65.0
student163@university.edu,Landon,Powell,CS107,D,60.4
student164@university.edu,Gabriel,Hughes,CS107,D,60.5
student165@university.edu,Violet,Hughes,CS107,C,75.7
student166@university.edu,William,Gray,CS107,F,56.9
student167@university.edu,Luke,Thomas,CS108,B,91.2
student168@university.edu,Paisley,Phillips,CS108,C,79.1
student169@university.edu,Connor,Garcia,CS108,B,85.8
student170@university.edu,Connor,Watson,CS108,B,90.3
student171@university.edu,Nora,Bennett,CS108,C,75.0
student172@university.edu,Wyatt,Davis,CS108,B,92.0
student173@university.edu,Landon,Howard,CS108,F,55.7
student174@university.edu,Audrey,Gomez,CS108,D,74.2
student175@university.edu,Sophia,Price,CS108,B,86.7
student176@university.edu,Sofia,Reed,CS108,C,76.0
student177@university.edu,Avery,Shaw,CS108,A,98.5
student178@university.edu,Mason,Allen,CS108,D,61.8
student179@university.edu,Wyatt,Morgan,CS108,C,80.4
student180@university.edu,Dylan,Torres,CS108,B,86.1
student181@university.edu,Eleanor,Thompson,CS108,C,75.2
student182@university.edu,Noah,Garcia,CS108,B,88.6
student183@university.edu,Skylar,Smith,CS108,D,74.6
student184@university.edu,Matthew,Thompson,CS108,C,80.1
student185@university.edu,Julian,Phillips,CS108,F,59.7
student186@university.edu,Thomas,Campbell,CS108,D,68.7
student187@university.edu,Anna,Wilson,CS108,D,63.1
student188@university.edu,Stella,Sullivan,CS109,B,92.5
student189@university.edu,Aiden,Wright,CS109,D,60.8
student190@university.edu,Lucas,Burns,CS109,A,97.0
student191@university.edu,Charles,Thompson,CS109,D,66.3
student192@university.edu,Elizabeth,Allen,CS109,A,94.4
student193@university.edu,Logan,Robinson,CS109,D,62.4
student194@university.edu,Elizabeth,Freeman,CS109,C,77.3
student195@university.edu,Gabriel,Taylor,CS109,C,75.6
student196@university.edu,Wyatt,Burns,CS109,C,82.5
student197@university.edu,Aiden,Sullivan,CS109,B,91.1
student198@university.edu,Stella,James,CS109,C,77.8
student199@university.edu,Alexa,Nelson,CS109,B,87.2
student200@university.edu,Henry,Jones,CS109,D,63.4
student201@university.edu,Charles,Thompson,CS109,A,96.9
student202@university.edu,Elizabeth,Flores,CS109,D,66.8
student203@university.edu,Caleb,Wright,CS109,D,68.3
student204@university.edu,Allison,Harris,CS109,A,96.2
student205@university.edu,Lincoln,Perry,CS109,D,70.5
student206@university.edu,Mason,Jones,CS109,D,61.1
student207@university.edu,Skylar,Carter,CS109,D,70.9
student208@university.edu,Matthew,Ross,CS109,D,60.0
student209@university.edu,Connor,Johnson,CS110,D,62.3
student210@university.edu,Carter,Sanchez,CS110,B,86.4
student211@university.edu,Claire,Bennett,CS110,F,59.6
student212@university.edu,Jack,Wilson,CS110,D,74.3
student213@university.edu,Henry,Diaz,CS110,A,93.9
student214@university.edu,James,Russell,CS110,D,66.0
student215@university.edu,Asher,Fox,CS110,D,62.7
student216@university.edu,Julian,Sullivan,CS110,C,81.3
student217@university.edu,Anna,Hughes,CS110,C,76.0
student218@university.edu,Riley,Powell,CS110,D,66.6
student219@university.edu,Jayden,Martin,CS110,D,66.9
student220@university.edu,Jonathan,Jackson,CS110,A,98.3
student221@university.edu,Savannah,James,CS110,C,78.7
student222@university.edu,Evelyn,Carter,CS110,B,88.9
student223@university.edu,Nathan,Brooks,CS110,D,70.1
student224@university.edu,William,Gonzalez,CS110,B,89.4
student225@university.edu,Eleanor,Taylor,CS110,A,94.1
student226@university.edu,Luke,King,CS110,C,76.1
student227@university.edu,Charles,Miller,CS110,B,92.2
student228@university.edu,Leo,Fox,CS110,C,77.0
student229@university.edu,Lillian,Edwards,CS110,D,62.9
student230@university.edu,Violet,Jones,CS110,D,68.3
student231@university.edu,Emily,Morgan,CS111,C,80.5
student232@university.edu,Savannah,Phillips,CS111,F,57.3
student233@university.edu,Emma,Freeman,CS111,C,84.9
student234@university.edu,Zoe,Sullivan,CS111,C,82.3
student235@university.edu,Emily,Jones,CS111,B,91.7
student236@university.edu,Henry,Sullivan,CS111,B,87.9
student237@university.edu,Aiden,Howard,CS111,D,62.1
student238@university.edu,Eleanor,Price,CS111,C,83.5
student239@university.edu,Asher,Davis,CS111,C,82.8
student240@university.edu,Savannah,Ward,CS111,B,87.3
student241@university.edu,Sofia,Bennett,CS111,B,88.5
student242@university.edu,Asher,Collins,CS111,A,96.8
student243@university.edu,Emily,White,CS111,F,56.6
student244@university.edu,Alexa,Patterson,CS111,F,55.2
student245@university.edu,Victoria,Miller,CS111,F,59.4
student246@university.edu,Hannah,Taylor,CS111,D,65.4
student247@university.edu,Daniel,Chapman,CS111,B,91.8
student248@university.edu,Isaac,Reynolds,CS111,B,89.9
student249@university.edu,Samuel,Fox,CS111,C,75.4
student250@university.edu,Carter,Diaz,CS111,C,80.9
student251@university.edu,Eleanor,Lewis,CS112,F,59.8
student252@university.edu,Penelope,Martinez,CS112,D,67.8
student253@university.edu,Logan,Wright,CS112,F,58.7
student254@university.edu,Benjamin,Moore,CS112,C,78.6
student255@university.edu,Natalie,Clark,CS112,D,72.5
student256@university.edu,Michael,Walker,CS112,C,78.4
student257@university.edu,Isabella,Edwards,CS112,F,57.0
student258@university.edu,Jack,Stewart,CS112,F,57.7
student259@university.edu,Zoe,Moore,CS112,D,63.8
student260@university.edu,Charlotte,Sanders,CS112,B,85.3
student261@university.edu,Josiah,Perry,CS112,B,89.5
student262@university.edu,Landon,Rivera,CS112,A,95.8
student263@university.edu,Sofia,Torres,CS112,D,73.1
student264@university.edu,Emily,Mitchell,CS112,C,77.5
student265@university.edu,Lillian,Parker,CS112,F,56.3
student266@university.edu,Lucas,Long,CS112,F,58.8
student267@university.edu,Connor,Sanders,CS112,D,73.7
student268@university.edu,Jonathan,Collins,CS112,D,61.1
student269@university.edu,Brooklyn,White,CS112,A,94.7
student270@university.edu,Zoe,Harris,CS112,D,74.7
student271@university.edu,Avery,Perry,CS112,B,86.5
student272@university.edu,Mila,Stewart,CS113,C,84.5
student273@university.edu,Josiah,Hill,CS113,A,94.9
student274@university.edu,Chloe,Perez,CS113,A,99.3
student275@university.edu,Stella,Rogers,CS113,B,88.0
student276@university.edu,Michael,Gibson,CS113,F,55.4
student277@university.edu,Camila,Harris,CS113,F,55.8
student278@university.edu,Gabriel,Hughes,CS113,B,92.1
student279@university.edu,Camila,Gomez,CS113,C,77.2
student280@university.edu,Harper,Rogers,CS113,A,97.1
student281@university.edu,Avery,Torres,CS113,D,66.1
student282@university.edu,Hannah,Flores,CS113,F,58.6
student283@university.edu,Andrew,Bennett,CS113,F,55.7
student284@university.edu,Amelia,Cruz,CS113,D,64.1
student285@university.edu,Sophia,Flores,CS113,D,72.7
student286@university.edu,Chloe,Rodriguez,CS113,F,59.4
student287@university.edu,Evelyn,Smith,CS113,D,70.2
student288@university.edu,Addison,Robinson,CS113,A,99.0
student289@university.edu,Henry,Robinson,CS113,C,82.7
student290@university.edu,Sebastian,Williams,CS113,D,69.1
student291@university.edu,Gabriel,Patterson,CS113,F,57.5
student292@university.edu,Elijah,Cole,CS114,D,62.1
student293@university.edu,Jayden,Ross,CS114,D,73.0
student294@university.edu,Ethan,Robinson,CS114,A,95.8
student295@university.edu,Liam,Harris,CS114,F,55.4
student296@university.edu,Jonathan,Rodriguez,CS114,C,80.6
student297@university.edu,Ava,Lewis,CS114,D,60.6
student298@university.edu,Samantha,Hill,CS114,A,98.1
student299@university.edu,Gabriel,Sanchez,CS114,D,61.6
student300@university.edu,Julian,Cruz,CS114,D,73.1
student301@university.edu,Sebastian,Bennett,CS114,A,96.1
student302@university.edu,Luke,Sanders,CS114,D,62.3
student303@university.edu,Isabella,Carter,CS114,A,98.9
student304@university.edu,Savannah,Bennett,CS114,C,79.7
student305@university.edu,James,Walker,CS114,A,96.0
student306@university.edu,Allison,Perry,CS114,D,62.7
student307@university.edu,Lillian,Reed,CS114,F,57.8
student308@university.edu,Stella,Gibson,CS114,A,97.4
student309@university.edu,Layla,Baker,CS114,B,88.5
student310@university.edu,Alexander,Mitchell,CS114,A,97.0
student311@university.edu,Caleb,Baker,CS114,A,100.0
student312@university.edu,Mila,Williams,CS114,D,64.8
student313@university.edu,Samuel,Gomez,CS114,D,68.6
student314@university.edu,Dylan,Wilson,CS115,D,62.7
student315@university.edu,Gabriel,Green,CS115,A,97.1
student316@university.edu,Thomas,Barnes,CS115,F,55.8
student317@university.edu,Samuel,Green,CS115,B,85.1
student318@university.edu,Stella,Rivera,CS115,F,59.3
student319@university.edu,Riley,Flores,CS115,D,65.0
student320@university.edu,Jackson,Wilson,CS115,F,58.5
student321@university.edu,Caleb,Russell,CS115,D,72.8
student322@university.edu,Christopher,Graham,CS115,B,88.5
student323@university.edu,Josiah,Walker,CS115,D,70.7
student324@university.edu,Chloe,Long,CS115,D,64.8
student325@university.edu,Ryan,Perry,CS115,D,69.2
student326@university.edu,Hannah,White,CS115,A,98.7
student327@university.edu,Chloe,Carter,CS115,B,89.2
student328@university.edu,Jackson,Graham,CS115,F,55.6
student329@university.edu,Zoe,Long,CS115,F,56.4
student330@university.edu,Jonathan,Gray,CS115,C,78.1
student331@university.edu,Avery,Morgan,CS115,F,58.2
student332@university.edu,Alexander,Turner,CS115,A,98.3
student333@university.edu,Violet,Wright,CS115,A,95.7
student334@university.edu,Amelia,Gray,CS116,D,72.2
student335@university.edu,Claire,Miller,CS116,B,87.8
student336@university.edu,Addison,Baker,CS116,D,60.7
student337@university.edu,Mia,Rogers,CS116,D,72.7
student338@university.edu,Grace,Perry,CS116,F,57.4
student339@university.edu,Elizabeth,Sanchez,CS116,D,68.7
student340@university.edu,Sophia,Walker,CS116,B,86.8
student341@university.edu,Josiah,Foster,CS116,F,57.0
student342@university.edu,David,Evans,CS116,D,65.4
student343@university.edu,Mason,Fox,CS116,D,73.0
student344@university.edu,Grace,Parker,CS116,C,82.0
student345@university.edu,Ella,Cooper,CS116,F,55.3
student346@university.edu,Lincoln,Allen,CS116,F,59.7
student347@university.edu,Jack,Miller,CS116,A,98.7
student348@university.edu,Audrey,Mitchell,CS116,B,88.7
student349@university.edu,Sofia,Cooper,CS116,B,91.5
student350@university.edu,Joshua,Robinson,CS116,A,93.7
student351@university.edu,Sophia,Baker,CS116,D,65.9
student352@university.edu,Connor,Peterson,CS116,F,58.1
student353@university.edu,Nora,Brown,CS116,D,67.6
student354@university.edu,Allison,Barnes,CS117,D,71.4
student355@university.edu,Logan,Hughes,CS117,D,66.9
student356@university.edu,Noah,Perez,CS117,B,89.9
student357@university.edu,Lily,Price,CS117,C,77.4
student358@university.edu,Zoey,Smith,CS117,B,87.8
student359@university.edu,Landon,Rogers,CS117,F,57.8
student360@university.edu,Scarlett,Garcia,CS117,D,63.6
student361@university.edu,Olivia,Torres,CS117,F,58.8
student362@university.edu,Eleanor,Lewis,CS117,B,86.6
student363@university.edu,Josiah,Cooper,CS117,F,57.0
student364@university.edu,Michael,Perez,CS117,A,98.7
student365@university.edu,Penelope,Rivera,CS117,D,69.0
student366@university.edu,Eleanor,Cruz,CS117,C,79.4
student367@university.edu,Natalie,Parker,CS117,B,90.5
student368@university.edu,Hannah,Campbell,CS117,D,64.6
student369@university.edu,Samantha,Perez,CS117,D,69.5
student370@university.edu,Connor,Bennett,CS117,C,76.8
student371@university.edu,Asher,Foster,CS117,F,55.1
student372@university.edu,Josiah,Torres,CS117,C,79.3
student373@university.edu,Gabriel,Sanchez,CS117,A,93.8
student374@university.edu,Audrey,Flores,CS117,B,88.6
student375@university.edu,Ellie,Torres,CS117,C,80.5
student376@university.edu,Jonathan,Long,CS118,A,93.4
student377@university.edu,Michael,Peterson,CS118,D,65.8
student378@university.edu,Stella,Moore,CS118,D,69.6
student379@university.edu,David,White,CS118,D,65.3
student380@university.edu,Aubrey,Robinson,CS118,D,62.9
student381@university.edu,Alexa,Thompson,CS118,A,99.9
student382@university.edu,Stella,Green,CS118,D,65.0
student383@university.edu,Hannah,King,CS118,D,74.3
student384@university.edu,Christian,Torres,CS118,C,80.9
student385@university.edu,Charles,Scott,CS118,C,84.9
student386@university.edu,Emily,Diaz,CS118,B,86.3
student387@university.edu,Ava,Murphy,CS118,F,56.2
student388@university.edu,Lily,Ross,CS118,A,96.5
student389@university.edu,Paisley,Russell,CS118,A,98.5
student390@university.edu,Lincoln,Collins,CS118,C,80.9
student391@university.edu,Carter,Anderson,CS118,B,89.2
student392@university.edu,Harper,Jones,CS118,D,60.1
student393@university.edu,Emma,White,CS118,D,73.0
student394@university.edu,Mason,Young,CS118,D,67.3
student395@university.edu,William,Anderson,CS118,B,89.3
student396@university.edu,Jonathan,Gonzalez,CS118,D,67.1
student397@university.edu,Carter,Torres,CS119,D,71.7
student398@university.edu,Jack,Rivera,CS119,D,69.0
student399@university.edu,Skylar,Young,CS119,A,99.1
student400@university.edu,Camila,Williams,CS119,A,99.3
student401@university.edu,Carter,Young,CS119,D,62.0
student402@university.edu,Henry,Bell,CS119,B,92.5
student403@university.edu,Logan,Walker,CS119,D,62.9
student404@university.edu,Julian,Carter,CS119,C,76.0
student405@university.edu,Zoe,Gonzalez,CS119,D,74.6
student406@university.edu,Isaiah,Wilson,CS119,D,65.6
student407@university.edu,Elizabeth,Evans,CS119,B,88.4
student408@university.edu,Aubrey,Reed,CS119,C,84.5
student409@university.edu,Eli,Martin,CS119,A,97.6
student410@university.edu,Aiden,Walker,CS119,F,57.5
student411@university.edu,Julian,Thompson,CS119,B,85.9
student412@university.edu,Connor,Rogers,CS119,D,70.8
student413@university.edu,Gabriel,Sanchez,CS119,D,67.1
student414@university.edu,Noah,Howard,CS119,D,63.3
student415@university.edu,Elizabeth,Ward,CS119,C,83.4
student416@university.edu,Wyatt,Bell,CS119,C,83.8
student417@university.edu,Jacob,Smith,CS120,B,89.3
student418@university.edu,Emma,Bell,CS120,F,56.0
student419@university.edu,Addison,Edwards,CS120,D,74.0
student420@university.edu,Lucas,Jones,CS120,D,73.0
student421@university.edu,Logan,Anderson,CS120,B,87.2
student422@university.edu,Alexander,Martin,CS120,C,84.1
student423@university.edu,Joshua,Price,CS120,C,76.0
student424@university.edu,Henry,Clark,CS120,D,63.0
student425@university.edu,Samantha,Long,CS120,B,89.9
student426@university.edu,Skylar,Taylor,CS120,C,79.8
student427@university.edu,Christopher,Ward,CS120,D,68.5
student428@university.edu,Lincoln,Hill,CS120,D,74.5
student429@university.edu,Henry,Walker,CS120,F,56.4
student430@university.edu,Ryan,Chapman,CS120,B,90.3
student431@university.edu,Leo,Lewis,CS120,C,83.6
student432@university.edu,Henry,Green,CS120,D,60.4
student433@university.edu,Julian,Cox,CS120,D,74.4
student434@university.edu,Owen,Gray,CS120,A,99.7
student435@university.edu,Liam,Reed,CS120,D,71.5
student436@university.edu,Lillian,Rivera,CS120,D,60.8
student437@university.edu,Hannah,Scott,CS120,A,99.6
student438@university.edu,Aubrey,James,CS120,D,69.4
student439@university.edu,Emily,King,CS121,B,87.8
student440@university.edu,Alexander,Thompson,CS121,B,90.6
student441@university.edu,Mia,Carter,CS121,B,89.7
student442@university.edu,Luke,Cooper,CS121,A,97.3
student443@university.edu,Harper,Young,CS121,D,63.7
student444@university.edu,Brooklyn,Rivera,CS121,B,88.2
student445@university.edu,Christopher,Stewart,CS121,F,56.1
student446@university.edu,Jayden,Powell,CS121,A,99.2
student447@university.edu,Chloe,Kelly,CS121,C,75.4
student448@university.edu,Penelope,White,CS121,D,61.5
student449@university.edu,Christopher,Cox,CS121,C,84.1
student450@university.edu,Olivia,Robinson,CS121,D,72.1
student451@university.edu,Hunter,Watson,CS121,F,57.3
student452@university.edu,Harper,Williams,CS121,D,74.8
student453@university.edu,Josiah,Smith,CS121,D,65.9
student454@university.edu,Noah,Wilson,CS121,D,74.3
student455@university.edu,Thomas,Flores,CS121,B,90.2
student456@university.edu,Aubrey,Smith,CS121,A,93.7
student457@university.edu,Violet,Ford,CS121,F,58.7
student458@university.edu,Sofia,Cooper,CS121,B,89.3
student459@university.edu,Claire,Morris,CS122,D,65.9
student460@university.edu,Benjamin,Morris,CS122,C,82.0
student461@university.edu,Matthew,Watson,CS122,D,68.5
student462@university.edu,Victoria,Edwards,CS122,F,56.5
student463@university.edu,Christian,Jones,CS122,D,60.0
student464@university.edu,Lillian,Collins,CS122,B,91.2
student465@university.edu,Amelia,Cruz,CS122,A,96.2
student466@university.edu,Elizabeth,Patterson,CS122,D,65.1
student467@university.edu,Chloe,Phillips,CS122,B,89.6
student468@university.edu,Isabella,Johnson,CS122,B,89.1
student469@university.edu,Allison,Reynolds,CS122,F,56.5
student470@university.edu,Matthew,Ross,CS122,C,76.9
student471@university.edu,Gabriel,Gomez,CS122,A,96.7
student472@university.edu,Lucas,Harris,CS122,B,89.4
student473@university.edu,Logan,Diaz,CS122,C,75.0
student474@university.edu,Isabella,Reed,CS122,D,61.2
student475@university.edu,Thomas,Collins,CS122,D,69.9
student476@university.edu,Benjamin,Williams,CS122,B,85.1
student477@university.edu,Daniel,Rodriguez,CS122,D,63.7
student478@university.edu,Landon,Russell,CS122,A,98.1
student479@university.edu,Samantha,Rivera,CS123,C,76.6
student480@university.edu,Olivia,Phillips,CS123,D,72.5
student481@university.edu,Mila,Nelson,CS123,D,61.3
student482@university.edu,Alexander,Watson,CS123,D,64.9
student483@university.edu,Mia,Robinson,CS123,C,83.2
student484@university.edu,Benjamin,Fox,CS123,D,74.2
student485@university.edu,Ella,Watson,CS123,C,75.2
student486@university.edu,Christopher,Stewart,CS123,D,68.7
student487@university.edu,James,White,CS123,A,99.1
student488@university.edu,Jayden,Butler,CS123,B,91.9
student489@university.edu,Owen,Freeman,CS123,D,63.9
student490@university.edu,Scarlett,Howard,CS123,C,76.7
student491@university.edu,Aria,Dixon,CS123,D,62.8
student492@university.edu,Aria,Foster,CS123,C,84.1
student493@university.edu,Samuel,Diaz,CS123,D,70.4
student494@university.edu,Leah,White,CS123,C,78.0
student495@university.edu,Ryan,Cooper,CS123,C,80.9
student496@university.edu,Riley,Fox,CS123,C,83.9
student497@university.edu,Josiah,Graham,CS123,D,74.7
student498@university.edu,Wyatt,Edwards,CS123,B,92.6
student499@university.edu,Paisley,Ford,CS124,B,92.3
student500@university.edu,Natalie,Bryant,CS124,D,71.7
student501@university.edu,Eleanor,Powell,CS124,D,63.4
student502@university.edu,Jack,Thomas,CS124,D,61.4
student503@university.edu,Zoe,Collins,CS124,A,94.3
student504@university.edu,Eleanor,Martinez,CS124,B,87.5
student505@university.edu,Lincoln,Freeman,CS124,F,58.3
student506@university.edu,Alexa,Thomas,CS124,C,83.1
student507@university.edu,Ella,Green,CS124,D,61.7
student508@university.edu,Amelia,Murphy,CS124,C,83.1
student509@university.edu,Evelyn,Gonzalez,CS124,B,89.3
student510@university.edu,Amelia,Davis,CS124,F,57.5
student511@university.edu,Victoria,Campbell,CS124,A,93.3
student512@university.edu,Isabella,Ford,CS124,D,62.5
student513@university.edu,Ryan,Martinez,CS124,C,75.8
student514@university.edu,Connor,Graham,CS124,D,73.5
student515@university.edu,Josiah,Hill,CS124,B,90.1
student516@university.edu,Carter,Lee,CS124,F,55.1
student517@university.edu,Emma,Stewart,CS124,C,75.8
student518@university.edu,Jonathan,James,CS124,B,90.6
student519@university.edu,Victoria,Foster,CS124,D,71.4
student520@university.edu,Olivia,Cruz,CS124,D,62.0
student521@university.edu,Aria,Martin,CS125,A,95.4
student522@university.edu,Matthew,Cox,CS125,C,81.6
student523@university.edu,David,Turner,CS125,D,60.8
student524@university.edu,Mason,Garcia,CS125,C,75.0
student525@university.edu,Mason,Evans,CS125,A,98.6
student526@university.edu,Ryan,Clark,CS125,B,90.5
student527@university.edu,Ethan,Jones,CS125,B,88.0
student528@university.edu,Christopher,Brown,CS125,C,83.2
student529@university.edu,Zoey,Russell,CS125,C,79.2
student530@university.edu,Samuel,Carter,CS125,D,72.8
student531@university.edu,Lillian,Thompson,CS125,F,58.2
student532@university.edu,Emma,Miller,CS125,A,97.5
student533@university.edu,Joshua,Sanders,CS125,A,94.6
student534@university.edu,Zoe,White,CS125,C,81.1
student535@university.edu,Hunter,Williams,CS125,D,72.5
student536@university.edu,Allison,Ward,CS125,D,62.3
student537@university.edu,Camila,Nelson,CS125,B,90.2
student538@university.edu,Emma,Jones,CS125,D,64.3
student539@university.edu,Aiden,Hughes,CS125,B,91.5
student540@university.edu,Aria,Cox,CS125,C,79.3
student541@university.edu,Josiah,Evans,CS126,B,92.8
student542@university.edu,David,Baker,CS126,F,58.0
student543@university.edu,Lily,Bennett,CS126,D,65.3
student544@university.edu,Charlotte,Martinez,CS126,C,81.1
student545@university.edu,Alexander,Edwards,CS126,C,84.9
student546@university.edu,Joshua,Powell,CS126,C,84.4
student547@university.edu,Jackson,White,CS126,F,59.1
student548@university.edu,Lucas,Gomez,CS126,F,58.8
student549@university.edu,Wyatt,Martinez,CS126,D,69.0
student550@university.edu,Isabella,Bennett,CS126,C,80.3
student551@university.edu,Aria,Johnson,CS126,D,70.0
student552@university.edu,Camila,Ford,CS126,D,61.9
student553@university.edu,Liam,Sanders,CS126,F,58.9
student554@university.edu,Harper,Coleman,CS126,D,65.9
student555@university.edu,Lily,Nelson,CS126,F,57.0
student556@university.edu,Aria,Diaz,CS126,C,81.1
student557@university.edu,Nathan,Jones,CS126,C,84.0
student558@university.edu,Samuel,Stewart,CS126,A,98.0
student559@university.edu,Ellie,Bennett,CS126,D,69.0
student560@university.edu,Riley,Carter,CS126,C,79.9
student561@university.edu,Ethan,Brown,CS126,B,91.5
student562@university.edu,Hannah,Cruz,CS127,C,78.2
student563@university.edu,Sophia,Rogers,CS127,D,62.6
student564@university.edu,David,Watson,CS127,B,86.9
student565@university.edu,Jackson,Rodriguez,CS127,C,84.3
student566@university.edu,Elijah,Sanchez,CS127,D,73.5
student567@university.edu,Zoe,Parker,CS127,D,74.6
student568@university.edu,Emma,Davis,CS127,C,77.3
student569@university.edu,Joshua,Stewart,CS127,F,56.8
student570@university.edu,Penelope,Robinson,CS127,F,58.8
student571@university.edu,Evelyn,Johnson,CS127,A,97.8
student572@university.edu,Jacob,Ross,CS127,C,77.0
student573@university.edu,Anna,Sanders,CS127,F,59.5
student574@university.edu,Nora,Fox,CS127,D,62.3
student575@university.edu,Benjamin,Baker,CS127,D,68.1
student576@university.edu,Sophia,Torres,CS127,C,76.5
student577@university.edu,Sebastian,Bennett,CS127,C,83.9
student578@university.edu,Elijah,King,CS127,B,89.7
student579@university.edu,Claire,Hall,CS127,A,93.7
student580@university.edu,Stella,Morris,CS127,B,90.6
student581@university.edu,Isaiah,Hall,CS127,D,72.4
student582@university.edu,Eleanor,Cruz,CS127,D,72.8
student583@university.edu,Elizabeth,Watson,CS127,F,57.3
student584@university.edu,Nora,Morris,CS128,F,59.7
student585@university.edu,Ella,Wilson,CS128,F,58.6
student586@university.edu,Zoe,Rivera,CS128,D,61.8
student587@university.edu,Aiden,Wright,CS128,D,64.5
student588@university.edu,Sebastian,Richardson,CS128,F,56.3
student589@university.edu,Benjamin,Shaw,CS128,C,84.8
student590@university.edu,Isaac,Stewart,CS128,A,95.3
student591@university.edu,Landon,Robinson,CS128,C,77.6
student592@university.edu,Brooklyn,Russell,CS128,B,89.8
student593@university.edu,Nora,Hill,CS128,B,91.0
student594@university.edu,Grace,Robinson,CS128,C,82.9
student595@university.edu,Sofia,Lee,CS128,C,83.4
student596@university.edu,Josiah,Martin,CS128,C,76.7
student597@university.edu,Christopher,Allen,CS128,B,86.2
student598@university.edu,Sofia,Johnson,CS128,C,79.7
student599@university.edu,Anna,Collins,CS128,D,69.5
student600@university.edu,Samantha,Murphy,CS128,B,86.0
student601@university.edu,Claire,Phillips,CS128,D,70.0
student602@university.edu,Gabriel,Wood,CS128,F,59.9
student603@university.edu,Ethan,Wright,CS128,A,97.8
student604@university.edu,Christian,Jackson,CS129,D,65.1
student605@university.edu,William,Williams,CS129,D,71.8
student606@university.edu,Addison,Murphy,CS129,D,70.1
student607@university.edu,Sophia,Young,CS129,D,60.5
student608@university.edu,Sophia,Carter,CS129,A,94.5
student609@university.edu,Lillian,Bennett,CS129,D,63.4
student610@university.edu,Ella,Allen,CS129,A,97.7
student611@university.edu,Nora,Wright,CS129,C,77.9
student612@university.edu,Connor,Edwards,CS129,D,61.6
student613@university.edu,Emily,Graham,CS129,F,56.6
student614@university.edu,Riley,Peterson,CS129,C,83.4
student615@university.edu,Mia,Jackson,CS129,A,99.2
student616@university.edu,Scarlett,Butler,CS129,F,55.3
student617@university.edu,Joshua,Reynolds,CS129,A,93.6
student618@university.edu,Lucas,Sanchez,CS129,B,85.1
student619@university.edu,Lily,Hall,CS129,C,79.3
student620@university.edu,Aria,Anderson,CS129,A,98.1
student621@university.edu,Ava,King,CS129,C,79.3
student622@university.edu,Benjamin,King,CS129,B,92.7
student623@university.edu,Brooklyn,Gonzalez,CS129,A,99.5
student624@university.edu,Penelope,Diaz,CS129,D,68.1
student625@university.edu,Chloe,Miller,CS129,D,67.3
student626@university.edu,Christopher,Barnes,CS130,B,87.7
student627@university.edu,Sebastian,Bell,CS130,B,87.1
student628@university.edu,Violet,Mitchell,CS130,D,69.8
student629@university.edu,Sophia,Baker,CS130,C,80.3
student630@university.edu,Sebastian,Russell,CS130,D,64.0
student631@university.edu,Mason,Freeman,CS130,D,62.2
student632@university.edu,Emma,Rogers,CS130,D,65.8
student633@university.edu,Savannah,Anderson,CS130,B,87.8
student634@university.edu,Abigail,Brooks,CS130,A,93.6
student635@university.edu,Allison,Powell,CS130,C,81.2
student636@university.edu,Andrew,Burns,CS130,C,76.4
student637@university.edu,Grace,Thomas,CS130,A,98.9
student638@university.edu,Emma,Bell,CS130,D,65.6
student639@university.edu,Hunter,Anderson,CS130,A,97.9
student640@university.edu,Lucas,Peterson,CS130,D,61.6
student641@university.edu,Liam,Thomas,CS130,A,93.2
student642@university.edu,Olivia,Young,CS130,C,77.6
student643@university.edu,Mason,Cooper,CS130,B,88.5
student644@university.edu,Harper,Evans,CS130,D,68.1
student645@university.edu,Matthew,Rogers,CS130,C,82.3
student646@university.edu,Matthew,Turner,CS130,D,61.3
student647@university.edu,Alexander,Patterson,CS130,A,95.3
student648@university.edu,Elizabeth,Brooks,CS131,F,59.1
student649@university.edu,Savannah,Lewis,CS131,A,97.3
student650@university.edu,Caleb,Perez,CS131,D,69.9
student651@university.edu,Sophia,Cruz,CS131,B,87.4
student652@university.edu,Samantha,Chapman,CS131,D,68.1
student653@university.edu,Mason,Torres,CS131,D,66.8
student654@university.edu,Ethan,Evans,CS131,D,73.8
student655@university.edu,Michael,Howard,CS131,A,99.1
student656@university.edu,Samantha,Howard,CS131,F,55.9
student657@university.edu,Charles,Allen,CS131,D,73.3
student658@university.edu,Christian,Burns,CS131,B,85.6
student659@university.edu,Lily,Bryant,CS131,C,75.9
student660@university.edu,Aiden,Long,CS131,C,81.8
student661@university.edu,Josiah,Torres,CS131,B,89.0
student662@university.edu,Lucas,Shaw,CS131,C,75.6
student663@university.edu,Thomas,Gibson,CS131,C,76.0
student664@university.edu,Jayden,King,CS131,F,57.7
student665@university.edu,David,Sanchez,CS131,A,98.3
student666@university.edu,Thomas,Carter,CS131,A,94.0
student667@university.edu,Aiden,Rodriguez,CS131,C,84.8
student668@university.edu,Carter,Russell,CS131,D,67.1
student669@university.edu,Christopher,Gibson,CS131,D,71.9
student670@university.edu,Asher,Ford,CS132,D,65.5
student671@university.edu,Josiah,Hall,CS132,D,65.3
student672@university.edu,David,Richardson,CS132,F,58.9
student673@university.edu,Logan,Allen,CS132,D,65.8
student674@university.edu,Jacob,Baker,CS132,C,78.7
student675@university.edu,Ella,Martin,CS132,C,80.7
student676@university.edu,Logan,Gibson,CS132,F,55.0
student677@university.edu,Alexa,Patterson,CS132,D,65.8
student678@university.edu,David,Scott,CS132,D,71.9
student679@university.edu,Hunter,Burns,CS132,C,77.6
student680@university.edu,Jackson,Cox,CS132,A,99.5
student681@university.edu,Aiden,Parker,CS132,A,95.3
student682@university.edu,Alexander,Nelson,CS132,A,95.5
student683@university.edu,Scarlett,Ford,CS132,A,98.2
student684@university.edu,Hunter,Burns,CS132,C,80.2
student685@university.edu,Avery,Chapman,CS132,F,56.6
student686@university.edu,Riley,Chapman,CS132,A,98.7
student687@university.edu,Evelyn,Sullivan,CS132,A,97.3
student688@university.edu,Michael,Sanchez,CS132,B,90.6
student689@university.edu,Lucas,Perez,CS132,A,100.0
student690@university.edu,Eleanor,Cruz,CS132,B,85.7
student691@university.edu,Savannah,Russell,CS133,B,91.0
student692@university.edu,Evelyn,Brown,CS133,C,80.4
student693@university.edu,Christian,Reynolds,CS133,C,77.9
student694@university.edu,Luke,Sanchez,CS133,C,83.7
student695@university.edu,Skylar,Peterson,CS133,D,67.5
student696@university.edu,Leah,Butler,CS133,D,68.1
student697@university.edu,Sebastian,Gibson,CS133,C,77.5
student698@university.edu,Ella,Perez,CS133,D,71.6
student699@university.edu,Lincoln,Smith,CS133,B,90.8
student700@university.edu,Stella,Gray,CS133,D,68.9
student701@university.edu,Nathan,Fox,CS133,A,97.0
student702@university.edu,Isaac,Nelson,CS133,D,60.1
student703@university.edu,Christopher,Ross,CS133,D,69.6
student704@university.edu,Noah,Brooks,CS133,C,81.6
student705@university.edu,Charles,Kelly,CS133,D,68.4
student706@university.edu,Caleb,Hughes,CS133,D,68.1
student707@university.edu,Lillian,Cox,CS133,F,56.7
student708@university.edu,Alexander,Smith,CS133,B,89.3
student709@university.edu,Joshua,Powell,CS133,D,60.4
student710@university.edu,Logan,Rodriguez,CS133,F,56.0
student711@university.edu,Ella,Gonzalez,CS134,F,59.0
student712@university.edu,David,Baker,CS134,C,75.3
student713@university.edu,Layla,Johnson,CS134,F,55.9
student714@university.edu,Thomas,Ward,CS134,D,73.5
student715@university.edu,Charlotte,Shaw,CS134,D,68.5
student716@university.edu,Thomas,Gibson,CS134,B,89.7
student717@university.edu,David,Robinson,CS134,B,91.5
student718@university.edu,Henry,Rivera,CS134,D,60.0
student719@university.edu,Grace,Wood,CS134,B,86.7
student720@university.edu,Aiden,Reynolds,CS134,F,55.2
student721@university.edu,Alexander,Hill,CS134,C,77.1
student722@university.edu,Hunter,Dixon,CS134,B,92.3
student723@university.edu,Zoe,Brooks,CS134,B,86.4
student724@university.edu,Hunter,Torres,CS134,D,73.8
student725@university.edu,Isaiah,Reynolds,CS134,D,62.7
student726@university.edu,Mason,Morgan,CS134,C,80.4
student727@university.edu,Mia,Wright,CS134,D,70.1
student728@university.edu,Leo,Collins,CS134,D,60.5
student729@university.edu,Riley,Cole,CS134,B,90.2
student730@university.edu,Scarlett,Harris,CS134,A,94.1
student731@university.edu,Riley,Richardson,CS135,A,95.1
student732@university.edu,Violet,Campbell,CS135,F,58.5
student733@university.edu,Ethan,Cox,CS135,A,99.0
student734@university.edu,Grace,Edwards,CS135,B,88.3
student735@university.edu,Ellie,Wilson,CS135,B,87.4
student736@university.edu,Lincoln,Long,CS135,B,89.9
student737@university.edu,Hunter,Gibson,CS135,D,66.0
student738@university.edu,Stella,Hughes,CS135,D,65.4
student739@university.edu,Anna,Richardson,CS135,C,82.4
student740@university.edu,David,Graham,CS135,A,94.1
student741@university.edu,Elijah,Cruz,CS135,C,81.4
student742@university.edu,Isabella,Hill,CS135,D,61.7
student743@university.edu,Paisley,Ross,CS135,D,60.2
student744@university.edu,Daniel,Perez,CS135,D,60.6
student745@university.edu,Charles,Sanders,CS135,B,90.0
student746@university.edu,Connor,Moore,CS135,D,62.3
student747@university.edu,Eleanor,Ross,CS135,C,76.3
student748@university.edu,Eli,Patterson,CS135,C,75.3
student749@university.edu,Grace,King,CS135,B,89.2
student750@university.edu,Riley,Perez,CS135,C,77.6
student751@university.edu,James,Diaz,CS135,A,99.1
student752@university.edu,Gabriel,Bell,CS135,D,64.4
student753@university.edu,Julian,Cooper,CS136,D,67.1
student754@university.edu,Allison,Barnes,CS136,A,96.8
student755@university.edu,Jackson,Kelly,CS136,A,97.3
student756@university.edu,Jacob,Martin,CS136,F,58.9
student757@university.edu,Samuel,Thomas,CS136,B,90.0
student758@university.edu,Lillian,Phillips,CS136,C,77.8
student759@university.edu,Mila,Bryant,CS136,C,83.8
student760@university.edu,Ella,Reed,CS136,D,74.9
student761@university.edu,Joshua,Miller,CS136,C,81.7
student762@university.edu,Allison,Phillips,CS136,B,88.7
student763@university.edu,Joshua,Williams,CS136,D,63.9
student764@university.edu,Mia,Rivera,CS136,D,74.7
student765@university.edu,Aria,Phillips,CS136,B,92.0
student766@university.edu,Skylar,Miller,CS136,B,89.5
student767@university.edu,Evelyn,Baker,CS136,B,92.7
student768@university.edu,Asher,Clark,CS136,D,63.0
student769@university.edu,Michael,James,CS136,A,99.3
student770@university.edu,Connor,Campbell,CS136,C,77.9
student771@university.edu,Isaac,Powell,CS136,C,83.1
student772@university.edu,Eli,Harris,CS136,B,87.5
student773@university.edu,Harper,Evans,CS136,D,68.7
student774@university.edu,Sophia,Allen,CS137,B,87.2
student775@university.edu,Nora,Anderson,CS137,C,82.9
student776@university.edu,Savannah,Garcia,CS137,F,55.7
student777@university.edu,Matthew,Walker,CS137,B,92.7
student778@university.edu,Asher,Phillips,CS137,B,88.0
student779@university.edu,Noah,Wood,CS137,B,90.4
student780@university.edu,Ethan,Harris,CS137,F,58.9
student781@university.edu,Victoria,Ward,CS137,A,98.1
student782@university.edu,Allison,Campbell,CS137,D,65.3
student783@university.edu,Jayden,Hughes,CS137,B,89.9
student784@university.edu,Eleanor,Coleman,CS137,B,86.2
student785@university.edu,Grace,Anderson,CS137,B,87.9
student786@university.edu,Luke,Freeman,CS137,A,95.8
student787@university.edu,Savannah,Barnes,CS137,A,99.5
student788@university.edu,Amelia,Scott,CS137,C,82.9
student789@university.edu,Elijah,Clark,CS137,D,74.5
student790@university.edu,Mason,King,CS137,A,96.2
student791@university.edu,Matthew,Thomas,CS137,C,78.4
student792@university.edu,Thomas,Shaw,CS137,D,64.5
student793@university.edu,Brooklyn,Walker,CS137,F,58.9
student794@university.edu,Landon,Miller,CS138,F,57.7
student795@university.edu,Aubrey,Williams,CS138,C,77.9
student796@university.edu,Michael,Sullivan,CS138,B,85.1
student797@university.edu,Nathan,James,CS138,F,58.7
student798@university.edu,Sophia,Jackson,CS138,C,84.4
student799@university.edu,Anna,Carter,CS138,B,92.5
student800@university.edu,Sophia,Baker,CS138,A,99.6
student801@university.edu,Logan,Sanders,CS138,B,91.8
student802@university.edu,Abigail,Brooks,CS138,F,56.1
student803@university.edu,Lincoln,White,CS138,C,77.4
student804@university.edu,Abigail,Ross,CS138,C,77.7
student805@university.edu,Aiden,Freeman,CS138,C,75.6
student806@university.edu,Avery,Martin,CS138,C,82.6
student807@university.edu,Aiden,Brooks,CS138,A,93.3
student808@university.edu,Sebastian,Patterson,CS138,A,95.7
student809@university.edu,Owen,Hall,CS138,D,60.2
student810@university.edu,Jayden,Taylor,CS138,F,56.6
student811@university.edu,Daniel,Turner,CS138,B,92.0
student812@university.edu,Nora,Hill,CS138,D,65.0
student813@university.edu,Stella,Sanders,CS138,D,65.2
student814@university.edu,Sofia,Watson,CS138,F,55.3
student815@university.edu,Lucas,Edwards,CS139,B,92.2
student816@university.edu,Elijah,Martin,CS139,A,93.7
student817@university.edu,Joshua,Brown,CS139,A,97.9
student818@university.edu,Elijah,Lewis,CS139,B,89.6
student819@university.edu,Aubrey,Parker,CS139,D,73.2
student820@university.edu,Lincoln,Green,CS139,C,82.2
student821@university.edu,Lillian,Garcia,CS139,A,94.4
student822@university.edu,Violet,Robinson,CS139,A,96.4
student823@university.edu,Connor,Burns,CS139,C,83.2
student824@university.edu,Harper,Gonzalez,CS139,F,57.2
student825@university.edu,Skylar,Perez,CS139,C,75.3
student826@university.edu,Eleanor,Phillips,CS139,D,64.6
student827@university.edu,Jackson,Brooks,CS139,A,96.6
student828@university.edu,Lily,Cox,CS139,D,66.8
student829@university.edu,Mila,Wilson,CS139,D,72.0
student830@university.edu,Zoe,Hughes,CS139,F,55.6
student831@university.edu,Liam,Chapman,CS139,F,56.8
student832@university.edu,Abigail,Rogers,CS139,D,68.5
student833@university.edu,James,Dixon,CS139,F,58.2
student834@university.edu,Sofia,Morris,CS139,D,69.7
student835@university.edu,Zoe,Peterson,CS139,D,67.8
student836@university.edu,Dylan,Lewis,CS140,C,80.4
student837@university.edu,Addison,Dixon,CS140,D,70.7
student838@university.edu,Elijah,Lewis,CS140,D,64.2
student839@university.edu,Chloe,Sanchez,CS140,C,84.3
student840@university.edu,Elijah,Cole,CS140,F,56.6
student841@university.edu,Elizabeth,Gomez,CS140,D,73.4
student842@university.edu,Eleanor,Fox,CS140,A,95.6
student843@university.edu,Jayden,Hall,CS140,D,60.1
student844@university.edu,Victoria,Smith,CS140,C,82.9
student845@university.edu,Hannah,Morgan,CS140,C,80.0
student846@university.edu,Ethan,Ward,CS140,B,90.9
student847@university.edu,Chloe,Garcia,CS140,C,79.8
student848@university.edu,Amelia,Roberts,CS140,D,65.3
student849@university.edu,Layla,Flores,CS140,F,59.7
student850@university.edu,Mia,Price,CS140,F,57.2
student851@university.edu,Hannah,Reed,CS140,D,63.5
student852@university.edu,Brooklyn,Cruz,CS140,D,63.5
student853@university.edu,Thomas,Sanchez,CS140,D,70.6
student854@university.edu,Joshua,Gonzalez,CS140,D,63.3
student855@university.edu,David,Murphy,CS140,D,71.5
student856@university.edu,Mia,Miller,CS140,A,94.8
student857@university.edu,Jacob,Edwards,CS141,F,58.4
student858@university.edu,Noah,Gonzalez,CS141,A,94.4
student859@university.edu,Aiden,Cox,CS141,D,73.0
student860@university.edu,Isabella,Young,CS141,C,79.4
student861@university.edu,Skylar,Graham,CS141,F,58.4
student862@university.edu,Isaiah,Wood,CS141,D,65.1
student863@university.edu,Hannah,Morris,CS141,F,55.1
student864@university.edu,Allison,Williams,CS141,A,99.6
student865@university.edu,Ryan,Roberts,CS141,D,69.9
student866@university.edu,Michael,Williams,CS141,C,78.6
student867@university.edu,Owen,Lee,CS141,C,76.4
student868@university.edu,James,Hughes,CS141,D,73.8
student869@university.edu,Scarlett,Johnson,CS141,C,80.7
student870@university.edu,Jayden,Anderson,CS141,C,81.7
student871@university.edu,Elijah,Scott,CS141,C,84.0
student872@university.edu,Jonathan,Burns,CS141,B,87.2
student873@university.edu,Natalie,Torres,CS141,C,76.1
student874@university.edu,Aiden,Rogers,CS141,D,61.1
student875@university.edu,Jack,Brooks,CS141,C,78.4
student876@university.edu,Avery,Thomas,CS141,A,97.3
student877@university.edu,Noah,Martinez,CS141,A,97.6
student878@university.edu,Abigail,Davis,CS141,B,85.6
student879@university.edu,Ryan,Harris,CS142,A,96.7
student880@university.edu,Josiah,Ward,CS142,C,80.5
student881@university.edu,Stella,Foster,CS142,A,99.0
student882@university.edu,Jack,Johnson,CS142,C,83.9
student883@university.edu,Sebastian,Brown,CS142,D,63.9
student884@university.edu,Elijah,Young,CS142,B,88.8
student885@university.edu,Wyatt,Clark,CS142,C,76.6
student886@university.edu,Leo,Flores,CS142,F,59.8
student887@university.edu,Gabriel,Nelson,CS142,A,97.5
student888@university.edu,Josiah,Jones,CS142,A,97.7
student889@university.edu,Mia,Evans,CS142,D,72.4
student890@university.edu,Leo,Anderson,CS142,D,62.9
student891@university.edu,Caleb,Shaw,CS142,C,81.9
student892@university.edu,Liam,Foster,CS142,B,90.0
student893@university.edu,Noah,Nelson,CS142,F,57.8
student894@university.edu,Samuel,Hall,CS142,A,93.3
student895@university.edu,Elizabeth,Flores,CS142,A,95.1
student896@university.edu,Nora,Ward,CS142,D,70.9
student897@university.edu,Addison,Murphy,CS142,A,99.6
student898@university.edu,Brooklyn,Graham,CS142,B,88.0
student899@university.edu,Stella,Jackson,CS143,C,82.4
student900@university.edu,Aiden,Lee,CS143,C,77.5
student901@university.edu,Henry,Russell,CS143,B,92.7
student902@university.edu,Penelope,Foster,CS143,C,83.0
student903@university.edu,Asher,Freeman,CS143,D,64.4
student904@university.edu,Penelope,Bennett,CS143,A,97.3
student905@university.edu,Lincoln,Campbell,CS143,A,95.6
student906@university.edu,Mila,Richardson,CS143,C,76.4
student907@university.edu,Hunter,Smith,CS143,B,86.4
student908@university.edu,Mia,Graham,CS143,D,61.4
student909@university.edu,Violet,Kelly,CS143,F,57.4
student910@university.edu,Avery,Anderson,CS143,D,61.6
student911@university.edu,Liam,Thomas,CS143,D,66.8
student912@university.edu,Addison,Russell,CS143,D,69.7
student913@university.edu,Evelyn,Stewart,CS143,B,85.8
student914@university.edu,Hannah,Lewis,CS143,B,91.5
student915@university.edu,Lillian,Taylor,CS143,D,72.3
student916@university.edu,Hunter,Mitchell,CS143,C,77.9
student917@university.edu,Chloe,Cole,CS143,F,57.0
student918@university.edu,Charlotte,Cox,CS143,C,82.0
student919@university.edu,Andrew,Perry,CS144,D,67.4
student920@university.edu,Scarlett,Burns,CS144,D,74.7
student921@university.edu,David,Gray,CS144,A,99.6
student922@university.edu,Mia,Morris,CS144,A,98.4
student923@university.edu,Scarlett,Carter,CS144,C,83.4
student924@university.edu,Carter,Cooper,CS144,D,69.1
student925@university.edu,Noah,Campbell,CS144,D,62.1
student926@university.edu,Sophia,Cox,CS144,C,80.6
student927@university.edu,Claire,Russell,CS144,B,91.3
student928@university.edu,Abigail,Brooks,CS144,B,92.6
student929@university.edu,Amelia,Cole,CS144,D,63.2
student930@university.edu,Joshua,Watson,CS144,B,91.2
student931@university.edu,Wyatt,Walker,CS144,B,90.3
student932@university.edu,Avery,Mitchell,CS144,A,98.7
student933@university.edu,Gabriel,Long,CS144,C,81.4
student934@university.edu,Logan,Patterson,CS144,C,79.8
student935@university.edu,Harper,Robinson,CS144,A,93.7
student936@university.edu,Hannah,Watson,CS144,A,95.3
student937@university.edu,Owen,Allen,CS144,C,84.9
student938@university.edu,Dylan,Morgan,CS144,D,61.2
student939@university.edu,Avery,Chapman,CS144,A,93.1
student940@university.edu,James,Roberts,CS144,A,96.6
student941@university.edu,Josiah,Campbell,CS145,C,83.4
student942@university.edu,Sophia,Kelly,CS145,F,56.7
student943@university.edu,Allison,Barnes,CS145,C,84.9
student944@university.edu,Chloe,Morgan,CS145,D,71.1
student945@university.edu,Eleanor,Kelly,CS145,C,76.8
student946@university.edu,Ryan,Thomas,CS145,F,59.6
student947@university.edu,Jacob,Fox,CS145,D,73.5
student948@university.edu,Sofia,Lewis,CS145,D,65.1
student949@university.edu,Isaiah,Gibson,CS145,A,98.4
student950@university.edu,Hunter,Gray,CS145,B,85.9
student951@university.edu,Henry,Clark,CS145,F,56.4
student952@university.edu,Leo,Hill,CS145,C,77.1
student953@university.edu,Isabella,Martinez,CS145,B,89.1
student954@university.edu,Landon,Thomas,CS145,A,98.2
student955@university.edu,Jacob,Brooks,CS145,D,65.3
student956@university.edu,Aria,Hill,CS145,D,72.1
student957@university.edu,Caleb,Jackson,CS145,D,73.5
student958@university.edu,Leo,Parker,CS145,D,65.8
student959@university.edu,Isaac,Thomas,CS145,A,98.9
student960@university.edu,Sofia,Hughes,CS145,A,97.3
student961@university.edu,Samuel,Baker,CS146,C,76.1
student962@university.edu,Luke,Smith,CS146,F,55.5
student963@university.edu,Zoe,Fox,CS146,C,75.7
student964@university.edu,Eleanor,Anderson,CS146,B,86.6
student965@university.edu,Andrew,Young,CS146,F,59.9
student966@university.edu,Grace,Bennett,CS146,D,72.5
student967@university.edu,Ellie,Lee,CS146,D,69.8
student968@university.edu,Noah,Flores,CS146,C,76.7
student969@university.edu,Brooklyn,Rogers,CS146,D,65.3
student970@university.edu,Michael,Scott,CS146,F,58.4
student971@university.edu,Noah,Morgan,CS146,B,85.6
student972@university.edu,Eleanor,Sanders,CS146,D,65.5
student973@university.edu,Amelia,Harris,CS146,F,59.6
student974@university.edu,Owen,Gibson,CS146,D,62.1
student975@university.edu,Lily,Ford,CS146,B,92.0
student976@university.edu,Carter,Murphy,CS146,F,59.1
student977@university.edu,Grace,Ward,CS146,A,96.1
student978@university.edu,Lucas,Moore,CS146,A,94.3
student979@university.edu,Ryan,Cruz,CS146,C,76.6
student980@university.edu,Ethan,Turner,CS146,D,70.1
student981@university.edu,Matthew,Campbell,CS146,B,89.4
student982@university.edu,Lily,Howard,CS146,A,96.1
student983@university.edu,Charles,Moore,CS147,D,69.8
student984@university.edu,Avery,Johnson,CS147,A,93.2
student985@university.edu,Aria,Cole,CS147,C,80.0
student986@university.edu,Emma,Brown,CS147,D,72.1
student987@university.edu,Ethan,Bryant,CS147,D,63.1
student988@university.edu,Aubrey,Morgan,CS147,F,56.5
student989@university.edu,Riley,Scott,CS147,F,57.4
student990@university.edu,Emma,Cox,CS147,D,71.0
student991@university.edu,Asher,Thompson,CS147,D,68.6
student992@university.edu,Charlotte,Gonzalez,CS147,C,81.1
student993@university.edu,Jayden,Richardson,CS147,A,94.9
student994@university.edu,Ellie,Turner,CS147,D,70.6
student995@university.edu,Wyatt,Wood,CS147,B,85.6
student996@university.edu,Samantha,Anderson,CS147,A,96.1
student997@university.edu,Christian,Flores,CS147,A,96.6
student998@university.edu,Chloe,Rogers,CS147,C,83.7
student999@university.edu,Zoe,Chapman,CS147,D,67.6
student1000@university.edu,Julian,Perez,CS147,D,72.6
student1001@university.edu,Josiah,Ross,CS147,B,89.0
student1002@university.edu,Isaac,Graham,CS147,B,88.8
student1003@university.edu,Sophia,Sanders,CS147,D,72.6
student1004@university.edu,Ava,Long,CS147,A,96.4
student1005@university.edu,Olivia,Roberts,CS148,D,70.1
student1006@university.edu,Amelia,Wood,CS148,D,63.5
student1007@university.edu,Ethan,Harris,CS148,F,57.6
student1008@university.edu,Harper,Garcia,CS148,D,67.2
student1009@university.edu,Sophia,Hughes,CS148,C,77.1
student1010@university.edu,Skylar,Morris,CS148,A,98.2
student1011@university.edu,Julian,Anderson,CS148,B,87.3
student1012@university.edu,Natalie,Rodriguez,CS148,C,80.9
student1013@university.edu,Landon,Turner,CS148,C,80.3
student1014@university.edu,Andrew,Rodriguez,CS148,B,91.6
student1015@university.edu,Camila,Nelson,CS148,A,94.1
student1016@university.edu,Mila,Hughes,CS148,B,89.9
student1017@university.edu,Grace,Wright,CS148,B,92.4
student1018@university.edu,Julian,Perez,CS148,A,99.1
student1019@university.edu,Savannah,Rodriguez,CS148,A,93.1
student1020@university.edu,Lincoln,Torres,CS148,D,66.1
student1021@university.edu,Jayden,Bennett,CS148,B,91.0
student1022@university.edu,Leo,Watson,CS148,A,99.2
student1023@university.edu,Lucas,Robinson,CS148,D,71.2
student1024@university.edu,William,Gomez,CS148,C,75.7
student1025@university.edu,Nathan,White,CS148,C,76.7
student1026@university.edu,Anna,Howard,CS149,B,92.3
student1027@university.edu,Nora,Evans,CS149,C,76.5
student1028@university.edu,Mia,Rodriguez,CS149,C,81.5
student1029@university.edu,Joshua,Campbell,CS149,C,78.7
student1030@university.edu,Alexander,Wilson,CS149,D,66.8
student1031@university.edu,Alexander,Scott,CS149,B,88.5
student1032@university.edu,Caleb,Wood,CS149,C,76.3
student1033@university.edu,Ryan,Coleman,CS149,A,97.1
student1034@university.edu,Emma,Garcia,CS149,C,78.3
student1035@university.edu,Penelope,White,CS149,D,65.4
student1036@university.edu,Charlotte,Carter,CS149,C,81.8
student1037@university.edu,Paisley,Coleman,CS149,D,73.1
student1038@university.edu,Joshua,Sanders,CS149,C,78.1
student1039@university.edu,Julian,Mitchell,CS149,F,56.7
student1040@university.edu,Ethan,Miller,CS149,B,92.1
student1041@university.edu,Lily,Bryant,CS149,D,72.0
student1042@university.edu,Jonathan,Scott,CS149,D,61.1
student1043@university.edu,Mila,Reed,CS149,F,58.8
student1044@university.edu,Elijah,Sanders,CS149,D,73.2
student1045@university.edu,Mila,Kelly,CS149,C,79.7
student1046@university.edu,Alexa,Cole,CS149,D,60.4